イラスト＋モデリングセットでVtuber作ります,,"60,000",0
Vtuber用　イラストからモデリングまで承ります,,"150,000",0
Vtuber用、高品質Live2dモデルを承ります,,"80,000",0
イラスト調の3Dモデルお作りいたします,,"70,000",0
Vtuberモデルをいちからお作りします,,"100,000",0
割引中！イラスト＋Live2Dモデリング行います,,"100,000",0
広告 結婚 卒団 卒部 記念動画を制作いたします,,"16,000",0
セット制作★立ち絵＆Live2Dモデリングします,,"65,000",0
Live2Dアバターを作ります,,"25,000",0
丸投げでも良い感じのMVにします,,"60,000",0
目を引く魅力的なキャラクターデザイン承ります,,"10,000",0
VRoid+Blenderで2D再現3D作ります,,"70,000",0
Vtuber用のLive2Dデータ制作します,,"70,000",0
かわいいイラストかきます,,"18,000",0
最短2日！キラキラ可愛いイラスト描きます,,"11,000",0
MVの動画編集+イラスト+アニメ全て制作できます,,"40,000",0
Vtuber用！Live2Dモデル制作します,,"70,000",0
キャラクターデザイン、イラスト制作承ります,,"8,000",0
Vtuber⭐イラスト＋モデリングを一括で承ります,,"35,000",0
VRoidでオリジナル3Dモデルを作ります,,"15,000",0
Vroid製の3Dモデル制作いたします,,"35,000",0
カワイイ女の子のキャラクターイラスト制作します,,"10,000",0
Live2D全身モデル40000円でお作りします,,"40,000",0
Vtuber用イラスト作成～モデリングまで行います,,"40,000",0
Vtuber用のLive2Dモデルを制作致します,,"39,000",0
立ち絵制作/デザインからパーツ分け等対応いたします,,"6,000",0
Live2D用のパーツ分けイラストを制作します,,"40,000",0
VRoid でオリジナル3Dモデルを作ります,,"10,000",0
人物イラスト制作いたします,,"5,000",0
優美な人物イラスト制作いたします,,"20,000",0
Vtuber向けLive2Dモデル制作いたします,,"30,000",0
3日納品可能▼Live2Dモデリング制作します,,"13,000",0
ロゴアニメーション★Youtube OPも作れます,,"6,000",0
vtuberイラスト＋live2d作成します,,"40,000",0
きゃわイイ！動物イラスト描きます,,"3,500",0
抜群のコスパでLive2D加工、編集を代行します,,"14,000",0
Vtuber、配信者向けのOP、待機映像を作ります,,"12,000",0
中性的・かわいい系★イラスト全般描きます,,"30,000",0
立ち絵/Vtuber用パーツ分けまで描きます,,"9,000",0
VTuberのLive2D動画作成します,,"5,000",0
歌ってみたやゲーム配信サムネ立ち絵など描きます,,"8,000",0
VRoidにて3Dモデル制作致します,,"10,000",0
Vtuber必見✅Twitterで拡散します,,"2,000",0
VTuber用のLive2Dモデルを制作します,,"15,000",0
無料で修正！ご希望の用途に合わせたイラスト描きます,,"9,000",0
2D・3D対応でVtuber用のモデリングをします,,"10,000",0
格安でLive２Dモデリングおこないまます,,"10,000",0
Vroid製3Dモデルの素体を作ります,,"10,000",0
魅力的なキャラクターイラスト描きます,,"6,000",0
ボカロ・歌ってみた動画のオリジナルMVを作ります,,"5,000",0
Vtuberや立ち絵に♫　モデル制作致します,,"7,000",0
ボカロMV等の動画制作を致します,,"6,000",0
商用利用可☆各種イラスト描きます,,"5,000",0
Live2Dモデリング&イラスト作成致します,,"10,000",0
キャラデザから一括、Vtuberモデル制作承ります,,"32,000",0
イラスト+モデリング+BGM！Vtuber作ります,,"25,000",0
VTuber用モデル制作致します,,"85,000",0
デザインから２Dモデルまで一括制作いたします,,"100,000",0
まるでアニメ！最高品質の生きたVtuber作ります,,"100,000",0
オリジナルLive2Dモデル制作いたします,,"130,000",0
