WEB初心者でも管理が簡単！WIXで制作します,https://coconala.com/services/1677915?ref_kind=search&ref_no=1,"350,000",2
ビジネス特化！パワーポイント資料を作成します,https://coconala.com/services/1476042?ref_kind=search&ref_no=2,"2,000",307
LPやWebサイトのコーディング代行いたします,https://coconala.com/services/922873?ref_kind=search&ref_no=3,"8,000",13
クールで高級感あるスタイリッシュロゴを作成します,https://coconala.com/services/1164859?ref_kind=search&ref_no=4,"30,000",158
ブランディングの基本　価値整理＋ストーリー化します,https://coconala.com/services/1531517?ref_kind=search&ref_no=5,"100,000",43
業界10年以上、全込みでホームページ制作運営します,https://coconala.com/services/1154543?ref_kind=search&ref_no=6,"150,000",50
インスタテンプレ付◆選ばれる世界観のHP作ります,https://coconala.com/services/1522644?ref_kind=search&ref_no=7,"180,000",4
フルパックアフィリエイトサイトを構築・納品致します,https://coconala.com/services/1139471?ref_kind=search&ref_no=8,"220,000",3
スマホ込み！格安で高品質なWebデザインいたします,https://coconala.com/services/1602276?ref_kind=search&ref_no=9,"60,000",32
クオリティ&スピード重視！漫画を描きます,https://coconala.com/services/952811?ref_kind=search&ref_no=10,"3,000",172
Twitterアフィリエイト完全サポートします,https://coconala.com/services/1171089?ref_kind=search&ref_no=11,"70,000",52
Web集客のプロがワードプレスでHPを作成します,https://coconala.com/services/1165389?ref_kind=search&ref_no=12,"150,000",36
Python・その他プログラム作成します,https://coconala.com/services/740038?ref_kind=search&ref_no=13,"50,000",4
オリジナルデザインのHPを作ります,https://coconala.com/services/2027703?ref_kind=search&ref_no=14,"100,000",4
高品質なWebサイト・LPデザインを制作いたします,https://coconala.com/services/1367908?ref_kind=search&ref_no=15,"50,000",11
ペライチで集客できるLPを制作致します,https://coconala.com/services/1194551?ref_kind=search&ref_no=16,"10,000",191
WixホームページをプロWebデザイナーが作ります,https://coconala.com/services/1537225?ref_kind=search&ref_no=17,"38,000",8
同人誌などのタイトルロゴをお作りします,https://coconala.com/services/327212?ref_kind=search&ref_no=18,"4,000",1196
迅速・高品質★YouTube動画編集代行します,https://coconala.com/services/1244353?ref_kind=search&ref_no=19,"6,000",299
ハイクオリティ！ジャンル問わず男声Vo承ります,https://coconala.com/services/959332?ref_kind=search&ref_no=20,"4,000",519
上位表示できるHPをWordPressで構築します,https://coconala.com/services/1106836?ref_kind=search&ref_no=21,"50,000",45
Shopify開発が専門ます,https://coconala.com/services/2052789?ref_kind=search&ref_no=22,"200,000",1
ノーコードでシステム・アプリ開発します,https://coconala.com/services/1837062?ref_kind=search&ref_no=23,"50,000",8
丸投げＯＫ！開店までのショップ制作を全て致します,https://coconala.com/services/1121228?ref_kind=search&ref_no=24,"150,000",1
優しくスタイリッシュ。印象に残るロゴを制作致します,https://coconala.com/services/1118051?ref_kind=search&ref_no=25,"45,000",158
VTuber・配信者さん向けのロゴ制作します,https://coconala.com/services/1837331?ref_kind=search&ref_no=26,"7,000",165
デフォルメ2等身似顔絵キャラ作成します,https://coconala.com/services/153303?ref_kind=search&ref_no=27,"6,000",294
最短1日＆SEO完備！HTMLコーディングします,https://coconala.com/services/1536427?ref_kind=search&ref_no=28,"5,000",13
ドリームチーム10名で高品質ロゴ10案を提案します,https://coconala.com/services/1254654?ref_kind=search&ref_no=29,"50,000",91
英語&日本語|多言語ホームページを作ります,https://coconala.com/services/1237121?ref_kind=search&ref_no=30,"80,000",5
丸投げOK！維持費なし！おまかせでLP作成します,https://coconala.com/services/1693096?ref_kind=search&ref_no=31,"30,000",93
アフィリエイト用WordPressサイト制作します,https://coconala.com/services/1409070?ref_kind=search&ref_no=32,"40,000",155
4pセット価格・AI納品／パンフレットを制作します,https://coconala.com/services/1294864?ref_kind=search&ref_no=33,"50,000",31
自然のように無駄のない美しい【ロゴ】デザインします,https://coconala.com/services/1921816?ref_kind=search&ref_no=34,"19,000",62
商用込み。人物＋背景の複雑なイラスト描きます,https://coconala.com/services/418537?ref_kind=search&ref_no=35,"60,000",147
シンプル・フラットなイラストをお描きします,https://coconala.com/services/1283399?ref_kind=search&ref_no=36,"3,000",18
グッドデザイン賞受賞デザイナーがロゴ作成致します,https://coconala.com/services/1483801?ref_kind=search&ref_no=37,"28,000",96
洗練された高級感のあるロゴ製作します,https://coconala.com/services/1316683?ref_kind=search&ref_no=38,"35,000",153
国内ロゴアワード受賞のデザイナーがデザインします,https://coconala.com/services/104186?ref_kind=search&ref_no=39,"20,000",544
現役エンジニアが集客に繋がる高品質HPを作ります,https://coconala.com/services/1566484?ref_kind=search&ref_no=40,"100,000",29
プレゼンに勝ちたい貴方へ！攻めの提案書を作成します,https://coconala.com/services/278563?ref_kind=search&ref_no=41,"4,000",180
WordPressでホームページ作ります,https://coconala.com/services/1506038?ref_kind=search&ref_no=42,"50,000",30
プロがネーミングやキャッチコピー10案考えます,https://coconala.com/services/1410870?ref_kind=search&ref_no=43,"50,000",54
企業や個人事業のブログやサイト記事を執筆します,https://coconala.com/services/408696?ref_kind=search&ref_no=44,"50,000",54
読み手に伝わるプレゼン資料作ります,https://coconala.com/services/684101?ref_kind=search&ref_no=45,"3,000",597
行政書士が契約書の不備、不適法を修正作成致します,https://coconala.com/services/1060252?ref_kind=search&ref_no=46,"15,000",161
おしゃれでスタイリッシュなミニマルロゴデザインます,https://coconala.com/services/1512641?ref_kind=search&ref_no=47,"30,000",139
アニメーションの動画広告・PR動画などを制作します,https://coconala.com/services/1665107?ref_kind=search&ref_no=48,"20,000",7
楽天やAmazonの商品画像やバナーを制作致します,https://coconala.com/services/1377837?ref_kind=search&ref_no=49,"6,000",149
オリジナル名刺orショップカードを制作します,https://coconala.com/services/256234?ref_kind=search&ref_no=50,"13,000",349
最短2日！キラキラ可愛いイラスト描きます,https://coconala.com/services/1505430?ref_kind=search&ref_no=51,"11,000",92
プロのデザイナーが美しい名刺を制作いたします,https://coconala.com/services/914696?ref_kind=search&ref_no=52,"10,000",77
なんでもOK！エンジニアの工数売ります,https://coconala.com/services/1665753?ref_kind=search&ref_no=53,"2,000",53
商用可！プロ作家が作品・記事をリライト・修正します,https://coconala.com/services/488922?ref_kind=search&ref_no=54,"100,000",175
Web風評被害対策企業専門家が逆SEO対策します,https://coconala.com/services/801632?ref_kind=search&ref_no=55,"30,000",6
商用可！プロ作家が小説脚本漫画を添削講評します,https://coconala.com/services/646048?ref_kind=search&ref_no=56,"25,000",129
集客・収益UP！10記事ワードプレスへ入稿します,https://coconala.com/services/787977?ref_kind=search&ref_no=57,"30,000",161
PL対応／JIS準拠の取扱説明書を制作します,https://coconala.com/services/1241926?ref_kind=search&ref_no=58,"30,000",13
Google Apps Scriptで自動化します,https://coconala.com/services/1478262?ref_kind=search&ref_no=59,"2,000",175
華やかなキービジュアルイラスト作成できます,https://coconala.com/services/1436503?ref_kind=search&ref_no=60,"3,500",16
満枠でも対応可！手書き風のプロフィールを作成します,https://coconala.com/services/1137937?ref_kind=search&ref_no=61,"15,000",251
PRO認定デザイナーがロゴ+名刺等を一括製作します,https://coconala.com/services/462735?ref_kind=search&ref_no=62,"80,000",156
小さな会社向けホームページ制作。格安で作ります,https://coconala.com/services/995806?ref_kind=search&ref_no=63,"100,000",19
ネット広告に強いランディングページを制作します,https://coconala.com/services/1931348?ref_kind=search&ref_no=64,"90,000",8
インターネット広告に強いLPを制作いたします,https://coconala.com/services/1971827?ref_kind=search&ref_no=65,"90,000",4
経営者の想いを汲み持続化補助金の書類を作成します,https://coconala.com/services/1231621?ref_kind=search&ref_no=66,"50,000",55
英語のプロがグローバルブランディングを致します,https://coconala.com/services/1514076?ref_kind=search&ref_no=67,"70,000",1
オシャレなロゴ作成◎基本料金内で、５案ご提案します,https://coconala.com/services/1600121?ref_kind=search&ref_no=68,"9,000",143
3Dモデリング×レタッチで目を引く製品画像作ります,https://coconala.com/services/1812865?ref_kind=search&ref_no=69,"12,000",31
両面OK！印象に残るオリジナル名刺をデザインします,https://coconala.com/services/237485?ref_kind=search&ref_no=70,"9,000",257
各種データ・著作権譲渡！納得の価格でロゴ作成します,https://coconala.com/services/634783?ref_kind=search&ref_no=71,"14,000",450
Excelのあれこれから！あなたをお助けします,https://coconala.com/services/669176?ref_kind=search&ref_no=72,"7,000",154
英語でのメールや交渉や手続きをサポート・代行します,https://coconala.com/services/1456813?ref_kind=search&ref_no=73,"2,000",33
HPやLPなど、オリジナルWebデザイン制作します,https://coconala.com/services/1511962?ref_kind=search&ref_no=74,"20,000",1
かわいいデフォルメ・ちびキャライラスト描きます,https://coconala.com/services/1415389?ref_kind=search&ref_no=75,"10,000",63
LPデザインします,https://coconala.com/services/1952819?ref_kind=search&ref_no=76,"50,000",9
ブログ記事など10本作成いたします,https://coconala.com/services/333301?ref_kind=search&ref_no=77,"20,000",185
Youtube収益化☆再生時間伸ばします,https://coconala.com/services/1377320?ref_kind=search&ref_no=78,"5,000",205
全サイズ【1枚2500円】各種画像作ります,https://coconala.com/services/615867?ref_kind=search&ref_no=79,"2,500",1074
中国輸入やAmazon・楽天・ヤフーの画像作ります,https://coconala.com/services/808246?ref_kind=search&ref_no=80,"12,000",467
認定資格者がInstagram広告運用代行します,https://coconala.com/services/811556?ref_kind=search&ref_no=81,"20,000",104
シンプルでスタイリッシュなロゴをデザインします,https://coconala.com/services/498023?ref_kind=search&ref_no=82,"60,000",158
一流企業御用達！【国内外受賞歴多数】ロゴ制作します,https://coconala.com/services/565738?ref_kind=search&ref_no=83,"60,000",234
宿泊施設様向け！ホームページを制作いたします,https://coconala.com/services/1774381?ref_kind=search&ref_no=84,"40,000",1
WordPressにデータの自動収集機能をつけます,https://coconala.com/services/1985272?ref_kind=search&ref_no=85,"15,000",2
売上をUPさせる☆セールスライティングを作ります,https://coconala.com/services/1064431?ref_kind=search&ref_no=86,"65,000",7
SEO記事作成、コンテンツ制作のお手伝いします,https://coconala.com/services/956463?ref_kind=search&ref_no=87,"5,000",80
おしゃれで温かみのあるロゴをデザインします,https://coconala.com/services/1701283?ref_kind=search&ref_no=88,"16,000",55
パッケージデザインをプロが魅力的に制作します,https://coconala.com/services/1461386?ref_kind=search&ref_no=89,"17,000",26
バナー・ヘッダーなど美しく目立つWeb画像作ります,https://coconala.com/services/1898564?ref_kind=search&ref_no=90,"3,000",52
この価格で！ワンランク上のお洒落なロゴをつくります,https://coconala.com/services/1072302?ref_kind=search&ref_no=91,"15,000",102
絵柄テイスト広め＊イラスト関係なんでもます,https://coconala.com/services/235064?ref_kind=search&ref_no=92,"10,000",206
WordPressでアフィリエイトブログ制作します,https://coconala.com/services/2026943?ref_kind=search&ref_no=93,"10,000",10
WordPressサイトのカスタマイズや修正します,https://coconala.com/services/1997968?ref_kind=search&ref_no=94,"3,000",15
もらって嬉しい似顔絵！水彩［送料込］でお描きします,https://coconala.com/services/1844858?ref_kind=search&ref_no=95,"7,000",19
日本人★YouTube再生回数1000増やします,https://coconala.com/services/931909?ref_kind=search&ref_no=96,"1,000",1401
"キーワード1つであらゆる""ストーリー""を書きます",https://coconala.com/services/76974?ref_kind=search&ref_no=97,"10,000",1094
お洒落なインスタ風プロフィールムービー作ります,https://coconala.com/services/990237?ref_kind=search&ref_no=98,"15,000",20
構成、下層、LPもOK！Webデザインを提供します,https://coconala.com/services/655905?ref_kind=search&ref_no=99,"50,000",52
最大DR70+まで増やしドメイン評価を改善します,https://coconala.com/services/957753?ref_kind=search&ref_no=100,"5,000",20
WixでLP・HP作成します,https://coconala.com/services/1764151?ref_kind=search&ref_no=101,"40,000",19
初回３案★女性デザイナーがやさしいロゴ作成します,https://coconala.com/services/517484?ref_kind=search&ref_no=102,"18,000",140
WordPressで最短納期7日⁉HP作成します,https://coconala.com/services/1919921?ref_kind=search&ref_no=103,"95,000",2
建築･建設･不動産業界専用のホームページを作ります,https://coconala.com/services/2048601?ref_kind=search&ref_no=104,"200,000",2
WordPress(ワードプレス)サイト制作します,https://coconala.com/services/1957253?ref_kind=search&ref_no=105,"80,000",7
商用ok★最短即日☆手描きで優しいイラスト描ます,https://coconala.com/services/1758499?ref_kind=search&ref_no=106,"3,000",31
高品質×SEO！ワードプレスでHPを格安制作します,https://coconala.com/services/1636470?ref_kind=search&ref_no=107,"100,000",26
初期・運用費0円！オシャレなホームページ作ります,https://coconala.com/services/1034575?ref_kind=search&ref_no=108,"40,000",11
１ページからスマホ対応のコーディングします,https://coconala.com/services/2001696?ref_kind=search&ref_no=109,"10,000",6
ダウンロードしたくなるホワイトペーパー作成します,https://coconala.com/services/1700816?ref_kind=search&ref_no=110,"44,000",4
プロの女性デザイナーが売れるPOPデザインします,https://coconala.com/services/892223?ref_kind=search&ref_no=111,"7,000",35
あなたのドメインパワーDA UR DR50にします,https://coconala.com/services/1691538?ref_kind=search&ref_no=112,"60,000",2
シンプルでモダンなロゴを制作します,https://coconala.com/services/1959879?ref_kind=search&ref_no=113,"15,000",25
全データ込！修正無制限！個性的なロゴ作成致します,https://coconala.com/services/1932875?ref_kind=search&ref_no=114,"12,000",58
自動で記事投稿を続ける動画まとめサイトを制作します,https://coconala.com/services/530224?ref_kind=search&ref_no=115,"4,000",156
低価格でおしゃれなロゴデザインを製作致します,https://coconala.com/services/1345504?ref_kind=search&ref_no=116,"35,000",198
WEB集客・SEO対策に使える8記事執筆します,https://coconala.com/services/1615005?ref_kind=search&ref_no=117,"48,000",26
LPのコーディング代行します,https://coconala.com/services/1320885?ref_kind=search&ref_no=118,"15,000",72
ラインスタンプ・ライン絵文字作ります,https://coconala.com/services/1333982?ref_kind=search&ref_no=119,"4,000",65
WEBサイトやWordPressコーディングします,https://coconala.com/services/1535028?ref_kind=search&ref_no=120,"20,000",13
2月更新23年卒WEBテストの解答集販売します,https://coconala.com/services/1971049?ref_kind=search&ref_no=121,"2,500",104
Wordpressのサーバー移転・引越し代行します,https://coconala.com/services/780491?ref_kind=search&ref_no=122,"10,000",181
スクレイピングやAPIでデータを自動収集します,https://coconala.com/services/1965384?ref_kind=search&ref_no=123,"10,000",22
"アンケート調査代行【3,000円～】回答を集めます",https://coconala.com/services/1343629?ref_kind=search&ref_no=124,"3,000",29
インデックスカバレッジ【サチコ】エラーを解決します,https://coconala.com/services/1370801?ref_kind=search&ref_no=125,"15,000",10
シンプルでスタイリッシュなロゴをデザインいたします,https://coconala.com/services/823912?ref_kind=search&ref_no=126,"45,000",72
商用◎！シンプルで優しいニュアンスイラスト描きます,https://coconala.com/services/1195100?ref_kind=search&ref_no=127,"3,500",333
日中2名の翻訳家が低価格・高品質で翻訳します,https://coconala.com/services/765161?ref_kind=search&ref_no=128,"1,000",314
イラストロゴ作ります,https://coconala.com/services/1644367?ref_kind=search&ref_no=129,"22,000",37
SD（デフォルメ）イラスト制作いたします,https://coconala.com/services/1844274?ref_kind=search&ref_no=130,"4,000",1
リーフと文字をメインにしたオシャレなロゴ製作します,https://coconala.com/services/1384400?ref_kind=search&ref_no=131,"15,000",13
ランサーズ認定ランサーがお洒落なデザインします,https://coconala.com/services/1244822?ref_kind=search&ref_no=132,"30,000",26
実績800件超Webサイト、ホームページ翻訳します,https://coconala.com/services/2042326?ref_kind=search&ref_no=133,"1,000",19
最安✩YouTube再生時間＋1000時間増やます,https://coconala.com/services/1100306?ref_kind=search&ref_no=134,"4,000",365
ご希望のイラスト制作いたします,https://coconala.com/services/351694?ref_kind=search&ref_no=135,"18,000",67
IllustratorでAiデータ修正・変換します,https://coconala.com/services/2132637?ref_kind=search&ref_no=136,"1,000",5
約30日！あなたのウェブサイトに本当の人集客します,https://coconala.com/services/572848?ref_kind=search&ref_no=137,"5,000",391
迫力と躍動感溢れる筆文字作品を提供します,https://coconala.com/services/747343?ref_kind=search&ref_no=138,"6,000",139
Instagramショッピングの審査を通過させます,https://coconala.com/services/1699654?ref_kind=search&ref_no=139,"12,000",31
現役！企画書・ホワイトペーパー等を丁寧に作ります,https://coconala.com/services/1669469?ref_kind=search&ref_no=140,"5,000",75
プロデザイナーが広告やポスターをデザインします,https://coconala.com/services/258519?ref_kind=search&ref_no=141,"15,000",72
ご希望のデータリスト作成します,https://coconala.com/services/1297180?ref_kind=search&ref_no=142,"10,000",31
WordPressでホームページを制作します,https://coconala.com/services/1690567?ref_kind=search&ref_no=143,"60,000",14
公務員試験：希望する自治体を徹底的に研究します,https://coconala.com/services/1275911?ref_kind=search&ref_no=144,"40,000",107
SEOに強いライターがブログの記事作成を代行します,https://coconala.com/services/1195263?ref_kind=search&ref_no=145,"8,000",75
昭和の少女漫画風（劇画調）イラストカット描きます,https://coconala.com/services/1050189?ref_kind=search&ref_no=146,"8,000",5
女性モデルを撮影代行し写真・素材提供します,https://coconala.com/services/2078907?ref_kind=search&ref_no=147,"30,000",1
現役プロデザイナーがスピーディーにロゴを作ります,https://coconala.com/services/260222?ref_kind=search&ref_no=148,"40,000",497
愛されアイコン描きます,https://coconala.com/services/1309171?ref_kind=search&ref_no=149,"6,000",104
格安＆高品質！1文字0.5円でリライト・校正します,https://coconala.com/services/399998?ref_kind=search&ref_no=150,"1,000",833
Excelマクロ フォーマット作成  自動化します,https://coconala.com/services/1197996?ref_kind=search&ref_no=151,"5,000",89
読みやすくわかりやすいお名前のロゴデザイン承ります,https://coconala.com/services/1261586?ref_kind=search&ref_no=152,"5,000",158
web用モデル写真★自撮りで提供します,https://coconala.com/services/976355?ref_kind=search&ref_no=153,"5,500",94
YouTubeを１０００再生+20高評価宣伝します,https://coconala.com/services/1145441?ref_kind=search&ref_no=154,"1,000",914
文字メインのロゴつくります,https://coconala.com/services/1808108?ref_kind=search&ref_no=155,"10,000",59
ロゴ制作します,https://coconala.com/services/1535531?ref_kind=search&ref_no=156,"6,000",34
商用ＯＫ！ゆるカワイイ♪イラスト描きます,https://coconala.com/services/559978?ref_kind=search&ref_no=157,"3,000",38
あなたの男性オリジナルキャラクター描きます,https://coconala.com/services/670157?ref_kind=search&ref_no=158,"6,000",2
ビジネス・技術文章はお任せください！和英翻訳します,https://coconala.com/services/1683068?ref_kind=search&ref_no=159,"1,000",15
BASEのサイト構築を代行します,https://coconala.com/services/2080723?ref_kind=search&ref_no=160,"15,000",1
Instagramショッピング機能、連携設定します,https://coconala.com/services/1484803?ref_kind=search&ref_no=161,"11,000",77
価値ある記事、質の高い文章お届けします,https://coconala.com/services/438703?ref_kind=search&ref_no=162,"3,000",83
プロのデザイナーが素敵な名刺をデザインします,https://coconala.com/services/1787082?ref_kind=search&ref_no=163,"5,000",10
Stores（ストアーズ）でネットショップ作ります,https://coconala.com/services/1792277?ref_kind=search&ref_no=164,"18,000",13
YouTube動画などの編集代行承ります,https://coconala.com/services/1219162?ref_kind=search&ref_no=165,"13,000",90
ホームページやWEBサイトでお困りのこと解決します,https://coconala.com/services/1718109?ref_kind=search&ref_no=166,"2,000",1
Google API 相談のります,https://coconala.com/services/100792?ref_kind=search&ref_no=167,"5,000",7
LP漫画／広告漫画の制作します,https://coconala.com/services/1746657?ref_kind=search&ref_no=168,"3,000",21
3日納品OK！カラフルなプロフィールを作成します,https://coconala.com/services/1439219?ref_kind=search&ref_no=169,"15,000",104
女性モデルとの商品写真を撮影代行・素材提供します,https://coconala.com/services/1819918?ref_kind=search&ref_no=170,"35,000",4
超強力版検索順位1位を狙うSEOライティングします,https://coconala.com/services/820719?ref_kind=search&ref_no=171,"35,000",29
今だけ半額！YouTube漫画動画を制作します,https://coconala.com/services/1374950?ref_kind=search&ref_no=172,"3,000",69
即日対応ネイティブEnglishで翻訳致します,https://coconala.com/services/1435463?ref_kind=search&ref_no=173,"2,000",3
プロ書道家が「一筆入魂」で筆文字データを作成します,https://coconala.com/services/320278?ref_kind=search&ref_no=174,"5,000",288
1カット〜。楽天、Amazon等の商品撮影承ります,https://coconala.com/services/581893?ref_kind=search&ref_no=175,"3,000",286
ペライチでオシャレなLP制作いたします,https://coconala.com/services/1787747?ref_kind=search&ref_no=176,"30,000",30
Webスクレイピングを行います,https://coconala.com/services/1684087?ref_kind=search&ref_no=177,"3,000",36
デザイン丸投げ‼︎各種画像作ります,https://coconala.com/services/1171796?ref_kind=search&ref_no=178,"5,000",159
ミニマルでシンプル　愛され続けるロゴをお作りします,https://coconala.com/services/1879100?ref_kind=search&ref_no=179,"20,000",11
どんなタイプのサイトの修正・更新でもご対応します,https://coconala.com/services/1561868?ref_kind=search&ref_no=180,"4,000",12
綺麗で美しいイラスト制作します,https://coconala.com/services/1465298?ref_kind=search&ref_no=181,"23,000",65
"2月末まで限定10,000円でLPを作成します",https://coconala.com/services/2128239?ref_kind=search&ref_no=182,"10,000",1
お仕事に繋がる好印象で爽やかなアイコンお描きします,https://coconala.com/services/1003700?ref_kind=search&ref_no=183,"4,000",293
映画予告風 結婚式ムービーを制作いたします,https://coconala.com/services/1010873?ref_kind=search&ref_no=184,"7,000",181
アニメ風デフォルメキャラのアイコン描きます,https://coconala.com/services/1799436?ref_kind=search&ref_no=185,"5,000",29
１枚1000円！YouTubeサムネイル作成します,https://coconala.com/services/1149822?ref_kind=search&ref_no=186,"1,000",182
スカパー通販MC経験者がナレーションをお届けします,https://coconala.com/services/1602013?ref_kind=search&ref_no=187,"1,000",85
看板デザイン・各種実物看板作ります,https://coconala.com/services/853606?ref_kind=search&ref_no=188,"12,000",53
正攻法SEOライティング！5000字記事作成します,https://coconala.com/services/1875467?ref_kind=search&ref_no=189,"15,000",22
最新2022年SERP改善バックリンク80本します,https://coconala.com/services/1076561?ref_kind=search&ref_no=190,"3,000",167
2021年最新SEO戦略！SEOバックリンクします,https://coconala.com/services/572885?ref_kind=search&ref_no=191,"3,000",724
書家がシンプルな墨絵の手書きイラスト書きます,https://coconala.com/services/1360326?ref_kind=search&ref_no=192,"4,000",63
新規・個人・中小企業向けHP制作いたします,https://coconala.com/services/2041354?ref_kind=search&ref_no=193,"10,000",3
WordPressプラグインを開発します,https://coconala.com/services/1972982?ref_kind=search&ref_no=194,"10,000",9
女性クリエイターが素敵な広告PR動画を制作します,https://coconala.com/services/2014183?ref_kind=search&ref_no=195,"15,000",21
WEBサイト、LPデザイン承ります,https://coconala.com/services/1656122?ref_kind=search&ref_no=196,"10,000",14
ロゴアニメーション★Youtube OPも作れます,https://coconala.com/services/73560?ref_kind=search&ref_no=197,"6,000",144
ワードプレスを使用しスマホ対応で制作します,https://coconala.com/services/1906221?ref_kind=search&ref_no=198,"30,000",1
サイトのUI改善の施策案をご提案します,https://coconala.com/services/1377772?ref_kind=search&ref_no=199,"3,000",17
Webサイト【限定1名】｜制作承ります,https://coconala.com/services/1971711?ref_kind=search&ref_no=200,"50,000",1
LPやYouTube、広告漫画を描きます,https://coconala.com/services/1383721?ref_kind=search&ref_no=201,"4,000",49
ECサイト用！女性向け商品販売LPをデザインします,https://coconala.com/services/670287?ref_kind=search&ref_no=202,"20,000",15
JavaScriptのカスタマイズ・修正します,https://coconala.com/services/34288?ref_kind=search&ref_no=203,"14,000",13
150RT以上Twitter40万人に宣伝します,https://coconala.com/services/886394?ref_kind=search&ref_no=204,"4,500",894
ツイッター日本人フォロワーを800人以上増やします,https://coconala.com/services/1447022?ref_kind=search&ref_no=205,"2,500",405
LINE公式アカウントを構築しコンサルいたします,https://coconala.com/services/1943752?ref_kind=search&ref_no=206,"30,000",10
5％OFFなう！WordPressでHP作ります,https://coconala.com/services/1937800?ref_kind=search&ref_no=207,"10,000",3
VTuberさん向け配信画面デザインします,https://coconala.com/services/1397530?ref_kind=search&ref_no=208,"9,000",41
息を呑むほど美しいシンプルな名刺、カードつくります,https://coconala.com/services/453300?ref_kind=search&ref_no=209,"15,000",145
日本語⇔インドネシア語　翻訳いたします,https://coconala.com/services/86557?ref_kind=search&ref_no=210,"1,000",52
修正無制限！読ませるプロが格安でチラシ制作します,https://coconala.com/services/2016529?ref_kind=search&ref_no=211,"5,000",18
ローカルSEO！400Googleマップ表示します,https://coconala.com/services/575434?ref_kind=search&ref_no=212,"5,000",158
自撮りモデル☆ネット用モデル写真や動画を提供します,https://coconala.com/services/1381588?ref_kind=search&ref_no=213,"4,000",3
文章を校正・リライトします,https://coconala.com/services/543806?ref_kind=search&ref_no=214,"1,000",969
リッチなサウンドであなたを魅せるMIX承ります,https://coconala.com/services/864157?ref_kind=search&ref_no=215,"3,000",546
LP漫画や、広告、youtube漫画など制作します,https://coconala.com/services/1040050?ref_kind=search&ref_no=216,"12,000",104
トルコ語への翻訳をいたします,https://coconala.com/services/1440825?ref_kind=search&ref_no=217,"1,000",1
ご指定の「物」をイラスト化します,https://coconala.com/services/1553441?ref_kind=search&ref_no=218,"1,000",16
あなたにピッタリ！の業界情報・企業データ収集します,https://coconala.com/services/820210?ref_kind=search&ref_no=219,"2,000",231
短納期で目を引くチラシ・パンフレットを作成します,https://coconala.com/services/1572930?ref_kind=search&ref_no=220,"25,000",124
伝わる可愛い・シンプル・ゆるいイラスト描きます,https://coconala.com/services/88842?ref_kind=search&ref_no=221,"3,000",203
起業・転職・ビジネスのアフィ記事を高品質で書きます,https://coconala.com/services/1231597?ref_kind=search&ref_no=222,"3,000",140
トップMBAが【試験突破の極意】合格必勝法教えます,https://coconala.com/services/1449515?ref_kind=search&ref_no=223,"10,000",10
すっきりオシャレ＊ペライチでLP・HPお作りします,https://coconala.com/services/1669241?ref_kind=search&ref_no=224,"25,000",29
3日納品OK！和風のプロフィールを作成します,https://coconala.com/services/1651068?ref_kind=search&ref_no=225,"15,000",12
クリエイティブに携わる方の補助になります,https://coconala.com/services/1253828?ref_kind=search&ref_no=226,"2,000",93
レゴブロック風3Dイラストを作成します,https://coconala.com/services/927041?ref_kind=search&ref_no=227,"8,000",19
BUZZVIDEO動画投稿自動化ツール開発します,https://coconala.com/services/605177?ref_kind=search&ref_no=228,"25,000",228
チラシ、ポスター、パンフレット等デザインいたします,https://coconala.com/services/1048675?ref_kind=search&ref_no=229,"10,000",18
ちょっとしたwebサービス開発します,https://coconala.com/services/1261627?ref_kind=search&ref_no=230,"10,000",15
貴方に代わってマスコミ各約1000社に配信します,https://coconala.com/services/1934740?ref_kind=search&ref_no=231,"17,000",8
化粧品をお試し！口コミレビュー記事を執筆します,https://coconala.com/services/1205532?ref_kind=search&ref_no=232,"10,000",6
広告や商品紹介などに☆丁寧な漫画をお描き致します,https://coconala.com/services/1605525?ref_kind=search&ref_no=233,"3,000",35
低価格にて素敵なロゴお作りします,https://coconala.com/services/1918774?ref_kind=search&ref_no=234,"10,000",60
プロフェッショナル　ロゴ　作成します,https://coconala.com/services/1575122?ref_kind=search&ref_no=235,"6,000",57
デザイン書道・篆書・隷書・墨絵も！筆文字書きます,https://coconala.com/services/1362551?ref_kind=search&ref_no=236,"4,000",119
ミニマル・洗練されたデザインのDMを作成します,https://coconala.com/services/1758502?ref_kind=search&ref_no=237,"7,000",19
phpプログラミングのレクチャーを実施します,https://coconala.com/services/2140106?ref_kind=search&ref_no=238,"24,000",1
商用OK・ファッショナブルなカットイラスト描きます,https://coconala.com/services/1409360?ref_kind=search&ref_no=239,"6,000",9
ＷＥＢ広告★チラシ用の可愛い絵柄の解説漫画作ります,https://coconala.com/services/758228?ref_kind=search&ref_no=240,"15,000",119
フィルム風のレトロプロフィールムービーを作成します,https://coconala.com/services/1042843?ref_kind=search&ref_no=241,"15,000",53
デザインの改善・HP/WordPress修正します,https://coconala.com/services/1701281?ref_kind=search&ref_no=242,"3,500",50
ナレーション・キャラボイス等承ります,https://coconala.com/services/733178?ref_kind=search&ref_no=243,"2,000",441
シンプルで印象に残る名刺やショップカード作成します,https://coconala.com/services/1912375?ref_kind=search&ref_no=244,"6,000",17
顧客目線で会員制サイト・オンラインサロンを作ります,https://coconala.com/services/1463767?ref_kind=search&ref_no=245,"10,000",4
A4片面8000円〜！プロが【チラシ】作ります,https://coconala.com/services/838200?ref_kind=search&ref_no=246,"8,000",35
実績多数！個人・商用問わず声のご依頼承ります,https://coconala.com/services/710209?ref_kind=search&ref_no=247,"2,000",76
1文字2円(条件付1円)でシナリオ作成いたします,https://coconala.com/services/184136?ref_kind=search&ref_no=248,"1,000",77
インフォグラフィックス・図解作成をします,https://coconala.com/services/1602121?ref_kind=search&ref_no=249,"5,000",5
美容・経営・お出かけなどコラムやPR文書きます,https://coconala.com/services/1794840?ref_kind=search&ref_no=250,"6,000",3
都内現役デザイナーが美しいロゴ作成致します,https://coconala.com/services/1572263?ref_kind=search&ref_no=251,"20,000",21
高品質のバナー・ヘッダーを低価格でお作りします,https://coconala.com/services/1529897?ref_kind=search&ref_no=252,"2,000",57
最短３日で！！愛されロゴ作成致します,https://coconala.com/services/1598049?ref_kind=search&ref_no=253,"5,500",24
ポスター・看板のデザインいたします,https://coconala.com/services/1556398?ref_kind=search&ref_no=254,"8,000",32
かっこかわいいイラスト寄りのロゴ、書きます,https://coconala.com/services/504665?ref_kind=search&ref_no=255,"6,000",223
読者のタメになる＆上位表示狙えるSEO記事書きます,https://coconala.com/services/1919032?ref_kind=search&ref_no=256,"3,000",5
１枚1500円でYouTubeサムネイル制作します,https://coconala.com/services/1159206?ref_kind=search&ref_no=257,"1,500",393
印刷代・送料込でシンプルな似顔絵名刺をお作りします,https://coconala.com/services/1901242?ref_kind=search&ref_no=258,"8,000",11
YOUTUBER VTUBERさん向のロゴ作ります,https://coconala.com/services/1377414?ref_kind=search&ref_no=259,"5,000",37
ウェブデザイン・ワードプレスレッスン丁寧に教えます,https://coconala.com/services/1667244?ref_kind=search&ref_no=260,"3,000/60分",145
シンプル地図～かわいいアクセスマップまで作成します,https://coconala.com/services/760094?ref_kind=search&ref_no=261,"2,000",330
面倒な企業研究を代行します,https://coconala.com/services/1855950?ref_kind=search&ref_no=262,"4,000",21
実績豊富なクリエイターが低コストにて作編曲致します,https://coconala.com/services/814534?ref_kind=search&ref_no=263,"15,000",62
Facebook広告運用のアドバイスします,https://coconala.com/services/1315067?ref_kind=search&ref_no=264,"12,000",138
Web・LPサイトのコーディングします,https://coconala.com/services/1966089?ref_kind=search&ref_no=265,"12,000",3
惹きつけるWEB画像スピーディーにデザインします,https://coconala.com/services/1882328?ref_kind=search&ref_no=266,"2,000",33
ポップで目を引くパワーポイントにいたします,https://coconala.com/services/1099019?ref_kind=search&ref_no=267,"2,000",108
YouTube/広告動画に！ロゴのアニメ化します,https://coconala.com/services/1339204?ref_kind=search&ref_no=268,"10,000",16
オリジナルキャラデザイン＋イラスト描きます,https://coconala.com/services/2061833?ref_kind=search&ref_no=269,"10,000",1
MEO対策で400Googleマップ表示します,https://coconala.com/services/1777057?ref_kind=search&ref_no=270,"5,000",21
月額必要なし！修正無制限！ホームページ制作致します,https://coconala.com/services/1278051?ref_kind=search&ref_no=271,"10,000",148
ココナラ実績700件超のプロが美しくデザインします,https://coconala.com/services/916914?ref_kind=search&ref_no=272,"20,000",403
集客・宣伝に効果的なポスターをデザインします,https://coconala.com/services/1804807?ref_kind=search&ref_no=273,"10,000",27
色んなイラスト制作します,https://coconala.com/services/1690102?ref_kind=search&ref_no=274,"10,000",22
ペライチでホームページ（HP）制作します,https://coconala.com/services/1785605?ref_kind=search&ref_no=275,"20,000",4
チラシ フライヤー リーフレットをプロが製作します,https://coconala.com/services/1155268?ref_kind=search&ref_no=276,"20,000",23
ロゴ・マーク制作・文字デザインします,https://coconala.com/services/815863?ref_kind=search&ref_no=277,"20,000",6
更新簡単・希望通りのWixホームページ制作します,https://coconala.com/services/1744949?ref_kind=search&ref_no=278,"20,000",11
営業マニュアルを０から作成いたします,https://coconala.com/services/102046?ref_kind=search&ref_no=279,"20,000",5
選曲効果音付【専門】・音声編集・MIXします,https://coconala.com/services/1165706?ref_kind=search&ref_no=280,"3,000",14
WordPressにてホームページ制作いたします,https://coconala.com/services/1712267?ref_kind=search&ref_no=281,"30,000",6
ポイントに！目を引くイラスト作成します,https://coconala.com/services/1207003?ref_kind=search&ref_no=282,"3,000",4
公式認定資格保有！LINE公式アカウント作成します,https://coconala.com/services/2050342?ref_kind=search&ref_no=283,"20,000",1
WordPressのSEO内部対策をいたします,https://coconala.com/services/1917018?ref_kind=search&ref_no=284,"20,000",2
初めての方でも安心！ペライチLPを制作いたします,https://coconala.com/services/1332512?ref_kind=search&ref_no=285,"30,000",7
AI全自動2chまとめ記事生成サービスを提供します,https://coconala.com/services/1548335?ref_kind=search&ref_no=286,"20,000",24
事業・個人用SNSの集客コンサルを行います,https://coconala.com/services/1705347?ref_kind=search&ref_no=287,"20,000",4
認定資格者がFacebook広告運用代行します,https://coconala.com/services/811480?ref_kind=search&ref_no=288,"20,000",24
名刺片面 or 両面デザイン＆100枚印刷します,https://coconala.com/services/1601644?ref_kind=search&ref_no=289,"9,000",66
名刺、ビジネス、アイコン、プレゼントに作成します,https://coconala.com/services/142158?ref_kind=search&ref_no=290,"3,500",1075
丸投げOK！維持費なし！格安高品質なLP制作します,https://coconala.com/services/2030542?ref_kind=search&ref_no=291,"30,000",1
バナー・ヘッダー・カバー画像を各種制作致します,https://coconala.com/services/1586679?ref_kind=search&ref_no=292,"1,500",6
女性ターゲットのアメブロカスタマイズいたします,https://coconala.com/services/793980?ref_kind=search&ref_no=293,"6,000",60
5％OFF！STUDIO＆WixでHPつくります,https://coconala.com/services/1861685?ref_kind=search&ref_no=294,"20,000",6
Googleリスティング広告の初期設定を代行します,https://coconala.com/services/754009?ref_kind=search&ref_no=295,"19,000",44
目を惹く◆高クオリティなアイコン/イラスト描きます,https://coconala.com/services/1406674?ref_kind=search&ref_no=296,"4,000",102
プロがLINE風オープニングムービーを製作します,https://coconala.com/services/1055057?ref_kind=search&ref_no=297,"19,000",55
思わず目にとまる！ココナラ出品画像作成します,https://coconala.com/services/1809131?ref_kind=search&ref_no=298,"1,000",67
職務経歴書（履歴書・ESもOK）作成・添削します,https://coconala.com/services/1392051?ref_kind=search&ref_no=299,"4,000",82
低価格で高品質なオリジナルロゴを制作します,https://coconala.com/services/1917728?ref_kind=search&ref_no=300,"8,000",20
応募が来る！求人募集の原稿を添削、作成します,https://coconala.com/services/1009238?ref_kind=search&ref_no=301,"6,000",60
シンプル・おしゃれなロゴをお安く制作します,https://coconala.com/services/1904145?ref_kind=search&ref_no=302,"7,000",33
2000円〜✧*。なんでも描きます,https://coconala.com/services/410374?ref_kind=search&ref_no=303,"2,000",735
根拠のあるキャッチコピーorネーミングを提案します,https://coconala.com/services/1087328?ref_kind=search&ref_no=304,"9,500",153
Wordpressのプラグインやテーマ編集承ります,https://coconala.com/services/359564?ref_kind=search&ref_no=305,"2,000",73
WEB広告・ youtube漫画作成します,https://coconala.com/services/1621990?ref_kind=search&ref_no=306,"3,000",3
スポーツ、サークル、部活などのチームロゴ作成します,https://coconala.com/services/1978904?ref_kind=search&ref_no=307,"18,000",1
Wixホームページ・SNSのお困りごと相談のります,https://coconala.com/services/1944364?ref_kind=search&ref_no=308,"3,000",9
デフォルメイラスト作成します,https://coconala.com/services/1299503?ref_kind=search&ref_no=309,"4,000",33
完全パックでWordpressブログを製作します,https://coconala.com/services/1669331?ref_kind=search&ref_no=310,"15,000",10
企業向けインタビューライティングを実施します,https://coconala.com/services/1483498?ref_kind=search&ref_no=311,"18,000",11
イラストが得意なデザイナー！webサイト制作します,https://coconala.com/services/2094039?ref_kind=search&ref_no=312,"10,000",1
商用OK！シンプルイラスト作成します,https://coconala.com/services/1656910?ref_kind=search&ref_no=313,"3,000",23
なんとなく似てるレトロでシンプルな似顔絵描きます,https://coconala.com/services/384290?ref_kind=search&ref_no=314,"2,500",622
365日超速返信！ロゴ著作権とaiデータ譲渡します,https://coconala.com/services/107660?ref_kind=search&ref_no=315,"6,000",223
耳鼻科専門医試験に合格するための講義を提供します,https://coconala.com/services/1797585?ref_kind=search&ref_no=316,"6,500",61
Wixで会社の顔となるようなHP制作いたします,https://coconala.com/services/1993507?ref_kind=search&ref_no=317,"15,000",1
プロデザイナーが、格安でバナー制作いたします,https://coconala.com/services/2048269?ref_kind=search&ref_no=318,"2,000",7
ビデオ対応｜Facebook広告のアドバイスします,https://coconala.com/services/1512164?ref_kind=search&ref_no=319,"4,000/30分",103
名刺／カード　デザインいたします,https://coconala.com/services/283125?ref_kind=search&ref_no=320,"5,000",328
WEBサイトのページデザイン作成します,https://coconala.com/services/1580460?ref_kind=search&ref_no=321,"12,000",7
ブログ記事作成！外注化も代行します,https://coconala.com/services/1249369?ref_kind=search&ref_no=322,"12,000",79
一生思い出に残るウエディングムービーを作成します,https://coconala.com/services/1800986?ref_kind=search&ref_no=323,"15,000",1
Wikipedia（ウィキペディア）記事作成します,https://coconala.com/services/856843?ref_kind=search&ref_no=324,"17,000",46
日本語⇆フランス語⇆英語　翻訳いたします,https://coconala.com/services/1005810?ref_kind=search&ref_no=325,"1,000",63
写真からデッサン風似顔絵(人物/ペット)を描きます,https://coconala.com/services/888173?ref_kind=search&ref_no=326,"4,000",334
線画イラスト入りの地図を作ります,https://coconala.com/services/1594544?ref_kind=search&ref_no=327,"6,000",6
修正無制限 目立つ広告バナーを作成します,https://coconala.com/services/1709235?ref_kind=search&ref_no=328,"1,000",3
自然なナレーション　朗読　男女声分けCV承ります,https://coconala.com/services/1806517?ref_kind=search&ref_no=329,"1,000",65
イラスト・スマホ画像・ロゴ・トレースします,https://coconala.com/services/712102?ref_kind=search&ref_no=330,"1,000",65
シンプルなカラー地図・案内図を作成します,https://coconala.com/services/1050479?ref_kind=search&ref_no=331,"2,500",225
バナー・ヘッダー・ココナラサービス画像を作ります,https://coconala.com/services/1214363?ref_kind=search&ref_no=332,"1,500",151
あなたの記事を読みやすく！高品質リライト提供します,https://coconala.com/services/1622644?ref_kind=search&ref_no=333,"1,000",118
あなただけのお洒落な名刺・カードデザインいたします,https://coconala.com/services/1523068?ref_kind=search&ref_no=334,"6,000",71
運営ウェブサイトの修正を対応いたします,https://coconala.com/services/886805?ref_kind=search&ref_no=335,"5,000",2
絵柄色々！イメージ通りのイラスト作成いたします,https://coconala.com/services/1696838?ref_kind=search&ref_no=336,"10,000",6
総販売実績715件の元人事部長がESを添削します,https://coconala.com/services/1780755?ref_kind=search&ref_no=337,"2,000",9
シンプルカジュアルで目を引くイラストを描きます,https://coconala.com/services/1261488?ref_kind=search&ref_no=338,"7,000",104
インスタグラム、ECサイトの商品撮影を代行します,https://coconala.com/services/1326186?ref_kind=search&ref_no=339,"3,000",19
動画広告やPR動画を制作いたします,https://coconala.com/services/2064680?ref_kind=search&ref_no=340,"10,000",2
説明イラストの作成承ります,https://coconala.com/services/1832458?ref_kind=search&ref_no=341,"2,500",4
生活できるライターになる方法教えます,https://coconala.com/services/1704593?ref_kind=search&ref_no=342,"18,000",6
専門性が高くSEO集客できる高品質な記事を書きます,https://coconala.com/services/2124904?ref_kind=search&ref_no=343,"20,000",1
WordPressの表示速度を改善（高速化）します,https://coconala.com/services/1447164?ref_kind=search&ref_no=344,"13,000",60
ホームページ・LPを修正/更新いたします,https://coconala.com/services/1826225?ref_kind=search&ref_no=345,"2,000",11
シンプルで暖かみのあるロゴをデザインします,https://coconala.com/services/1772583?ref_kind=search&ref_no=346,"15,000",17
現役エンジニアがHTMLでサイト制作します,https://coconala.com/services/1860522?ref_kind=search&ref_no=347,"29,000",1
"1ヶ月限定20,000-->15,000円制作ます",https://coconala.com/services/389731?ref_kind=search&ref_no=348,"15,000",28
ほっこりシュール♡な可愛いイラスト描きます,https://coconala.com/services/937862?ref_kind=search&ref_no=349,"2,500",245
漫画、同人誌のタイトルロゴをお作りいたします,https://coconala.com/services/1546099?ref_kind=search&ref_no=350,"4,000",26
車のイラスト描きます,https://coconala.com/services/825244?ref_kind=search&ref_no=351,"8,500",30
ウェブ上のデータを収集・整理します,https://coconala.com/services/1507874?ref_kind=search&ref_no=352,"2,000",34
バナー・ヘッダー・SNSなどのWEB画像作成します,https://coconala.com/services/1826906?ref_kind=search&ref_no=353,"3,000",12
商用利用の可愛いロゴ▽つくります,https://coconala.com/services/1225297?ref_kind=search&ref_no=354,"14,000",6
格安！！WordPressで稼ぐブログを作ります,https://coconala.com/services/1010411?ref_kind=search&ref_no=355,"20,000",168
"ホームページ【修正】更新3,000円〜対応します",https://coconala.com/services/1222681?ref_kind=search&ref_no=356,"3,000",265
商用利用化！ゆるキャラ描きます,https://coconala.com/services/938359?ref_kind=search&ref_no=357,"10,000",55
youtubeチャンネル登録者500人増やします,https://coconala.com/services/1725174?ref_kind=search&ref_no=358,"7,000",20
シンプルでおしゃれなロゴ作ります,https://coconala.com/services/1672750?ref_kind=search&ref_no=359,"15,000",88
伝わる美しいチラシフライヤーポスター作ります,https://coconala.com/services/1666890?ref_kind=search&ref_no=360,"14,000",15
商用OK！ゆるくてお洒落なロゴデザインいたします,https://coconala.com/services/1352161?ref_kind=search&ref_no=361,"10,000",44
プロ声優の技術で、貴方のご希望の音声を録音します,https://coconala.com/services/259341?ref_kind=search&ref_no=362,"2,500",45
最短1日！夢絵、夢漫画描きます,https://coconala.com/services/1960390?ref_kind=search&ref_no=363,"6,000",46
RPA！UiPathで、その作業自動化します,https://coconala.com/services/1337846?ref_kind=search&ref_no=364,"2,000",21
オシャレな手描きイラスト制作します,https://coconala.com/services/1097418?ref_kind=search&ref_no=365,"8,000",35
日本語⇔韓国語、ナチュラルな翻訳をお手伝い致します,https://coconala.com/services/832088?ref_kind=search&ref_no=366,"1,000",357
高品質なポリゴン風ロゴを制作します,https://coconala.com/services/1978229?ref_kind=search&ref_no=367,"8,000",6
高品質バナー・ヘッダーを作成します,https://coconala.com/services/63709?ref_kind=search&ref_no=368,"3,500",384
商用可☆シンプルおしゃれなロゴ・アイコン作成します,https://coconala.com/services/1652527?ref_kind=search&ref_no=369,"5,000",22
英国人日本人ダブルアプローチで英語翻訳致します,https://coconala.com/services/803763?ref_kind=search&ref_no=370,"1,000",60
ワードプレスのお困りごと！何でも対応します,https://coconala.com/services/1282639?ref_kind=search&ref_no=371,"3,000",85
商用利用OK！ふんわりゆるい動物のイラスト描きます,https://coconala.com/services/1744488?ref_kind=search&ref_no=372,"6,000",2
Webサイト・システム開発させていただきます,https://coconala.com/services/1645860?ref_kind=search&ref_no=373,"10,000",24
バナー・ヘッダー・Web画像、デザイン制作します,https://coconala.com/services/916077?ref_kind=search&ref_no=374,"5,000",82
オリジナルデザインテンプレートで名刺を作成します,https://coconala.com/services/256753?ref_kind=search&ref_no=375,"3,000",7
思わず目を引く！伝わるWEBデザイン作ります,https://coconala.com/services/1916694?ref_kind=search&ref_no=376,"13,000",5
写真を元に背景・風景画を描きます,https://coconala.com/services/927904?ref_kind=search&ref_no=377,"7,000",15
可愛い・ポップなアニメーション制作します,https://coconala.com/services/1813094?ref_kind=search&ref_no=378,"12,000",5
アイコン(版権可)描かせて頂きます,https://coconala.com/services/863015?ref_kind=search&ref_no=379,"5,000",12
1文字2円でSEOを意識したライティングします,https://coconala.com/services/1873116?ref_kind=search&ref_no=380,"2,000",34
3案提案、修正無制限！経験豊富なプロがロゴ作ります,https://coconala.com/services/1665550?ref_kind=search&ref_no=381,"6,000",52
営業先リスト作成代行☆メアドＦＡＸ☆格安で作ります,https://coconala.com/services/2021924?ref_kind=search&ref_no=382,"2,000",14
Aiデータに関する困りごとを解決します,https://coconala.com/services/1787424?ref_kind=search&ref_no=383,"1,000",19
丸投げok!お試し価格で早くて綺麗なデザインします,https://coconala.com/services/2090893?ref_kind=search&ref_no=384,"3,000",3
公務員専門の面接.試験専門家が９０分の演習をします,https://coconala.com/services/814786?ref_kind=search&ref_no=385,"6,000/90分",151
楽天・Amazonなどの商品画像を5枚制作します,https://coconala.com/services/1905915?ref_kind=search&ref_no=386,"10,000",8
英語の取扱説明書翻訳します,https://coconala.com/services/543799?ref_kind=search&ref_no=387,"5,000",5
"3000円で30日間で30,000アクセスします",https://coconala.com/services/1083543?ref_kind=search&ref_no=388,"3,000",239
ターゲットに刺さるチラシ・フライヤーを作ります,https://coconala.com/services/1720853?ref_kind=search&ref_no=389,"10,000",9
名刺 | デザイン制作します,https://coconala.com/services/1655907?ref_kind=search&ref_no=390,"5,000",38
Google評価の高いサイト60本被リンク送ります,https://coconala.com/services/809460?ref_kind=search&ref_no=391,"4,000",443
SEO対策・資格・体験談！個人・法人歓迎します,https://coconala.com/services/117120?ref_kind=search&ref_no=392,"1,000",1146
英検1級プロ翻訳家が日本語⇆英語迅速に翻訳します,https://coconala.com/services/263892?ref_kind=search&ref_no=393,"2,000",389
ホームページ相談所＊丁寧にお困りごとお聞きします,https://coconala.com/services/1997884?ref_kind=search&ref_no=394,"3,000",6
商用利用もOK★イラストお描きします,https://coconala.com/services/764674?ref_kind=search&ref_no=395,"4,000",64
LINE公式アカウントリッチメニューの画像制作ます,https://coconala.com/services/1338159?ref_kind=search&ref_no=396,"6,000",147
全サイズ3000円★高品質な格安バナー制作します,https://coconala.com/services/2030169?ref_kind=search&ref_no=397,"3,000",30
最新SEO対策！85本バックリンク・被リンクします,https://coconala.com/services/1076940?ref_kind=search&ref_no=398,"6,000",472
最短昨日！魅力的なバナー作成します,https://coconala.com/services/1853764?ref_kind=search&ref_no=399,"1,000",58
あなたの求めるWEBサイト・LPのデザインします,https://coconala.com/services/2090419?ref_kind=search&ref_no=400,"10,000",1
Google広告運用のアドバイスをします,https://coconala.com/services/1291143?ref_kind=search&ref_no=401,"12,000",67
開業支援！オープン準備3点セットお作りします,https://coconala.com/services/560603?ref_kind=search&ref_no=402,"12,000",140
商用OK おしゃれシンプル優しいイラスト制作します,https://coconala.com/services/990623?ref_kind=search&ref_no=403,"7,000",14
取材から原稿作成、写真撮影までを行います,https://coconala.com/services/1540677?ref_kind=search&ref_no=404,"10,000",6
大学職員希望者向け　現役専門家がES作成支援します,https://coconala.com/services/1304806?ref_kind=search&ref_no=405,"12,000",27
プロの方向け✨ダンスの振り付けを提供いたします,https://coconala.com/services/864082?ref_kind=search&ref_no=406,"17,000",12
初回限定半額●記者に届くプレスリリースを作成します,https://coconala.com/services/1983210?ref_kind=search&ref_no=407,"12,000",5
"POP, 看板, ポスターのデザインします",https://coconala.com/services/1216319?ref_kind=search&ref_no=408,"10,000",6
仕事に繋がる！テレアポトークスクリプト作成します,https://coconala.com/services/1025321?ref_kind=search&ref_no=409,"15,000",6
Twitter投稿用の図解作成します,https://coconala.com/services/1956510?ref_kind=search&ref_no=410,"1,000",28
ビジネスにも◎シンプルポップなイラストを描きます,https://coconala.com/services/1739400?ref_kind=search&ref_no=411,"1,500",81
商用利用OK！雰囲気のある白黒アイコンを描きます,https://coconala.com/services/779613?ref_kind=search&ref_no=412,"4,000",365
限定価格2/28迄　ココロニササル！プロが作ります,https://coconala.com/services/1654063?ref_kind=search&ref_no=413,"9,000",142
バナー・ヘッダー・LP・WEB広告等の画像作ります,https://coconala.com/services/2024473?ref_kind=search&ref_no=414,"1,500",11
実績多数!!バナー・Web画像制作します,https://coconala.com/services/1530401?ref_kind=search&ref_no=415,"3,000",110
ワードプレスのサーバー移転や新規構築作業を致します,https://coconala.com/services/1263913?ref_kind=search&ref_no=416,"3,000",105
即日対応！WEBサイトの導入、修正、更新致します,https://coconala.com/services/1259781?ref_kind=search&ref_no=417,"4,000",23
WEBライティングを受け付けています,https://coconala.com/services/1563693?ref_kind=search&ref_no=418,"3,000",11
低価格＆短納期で高品質なチラシを作ります,https://coconala.com/services/1888776?ref_kind=search&ref_no=419,"12,000",16
おしゃれで目を引くロゴをおつくりします,https://coconala.com/services/1802795?ref_kind=search&ref_no=420,"13,000",9
シンプルで見やすいwebデザインを提案します,https://coconala.com/services/1842550?ref_kind=search&ref_no=421,"10,000",5
プロのデザイナーが色々なデザイン画像を制作します,https://coconala.com/services/726028?ref_kind=search&ref_no=422,"8,000",74
PDFデータから電子カタログ制作をお手伝いします,https://coconala.com/services/527445?ref_kind=search&ref_no=423,"11,000",8
治療院PPC広告の運用代行いたします,https://coconala.com/services/1183538?ref_kind=search&ref_no=424,"11,000",7
先着優遇｜ロリポップ中古ドメイン紹介します,https://coconala.com/services/1162330?ref_kind=search&ref_no=425,"3,000",66
プロ小説家があなたの小説を分析し、丁寧に講評します,https://coconala.com/services/1722925?ref_kind=search&ref_no=426,"2,000",6
日↔韓 個人向けの翻訳承ります,https://coconala.com/services/389416?ref_kind=search&ref_no=427,"1,000",208
Instagramの投稿・広告用画像を作成します,https://coconala.com/services/1668176?ref_kind=search&ref_no=428,"3,000",43
ほどよくおしゃれでシンプル目立つ似顔絵を制作します,https://coconala.com/services/1130845?ref_kind=search&ref_no=429,"5,000",103
商用利用OK！表情ナシで使いやすいイラスト書きます,https://coconala.com/services/1852879?ref_kind=search&ref_no=430,"6,000",1
低コスト対応可！jimdoでホームページ制作します,https://coconala.com/services/1022260?ref_kind=search&ref_no=431,"10,000",17
猫ちゃんわんちゃんの似顔絵を線画で描きます,https://coconala.com/services/1590550?ref_kind=search&ref_no=432,"3,500",10
商業料込★プロが扉絵ヘッダー・ゲーム・挿絵描きます,https://coconala.com/services/868443?ref_kind=search&ref_no=433,"7,000",7
オリジナル配信画面を制作します,https://coconala.com/services/1483700?ref_kind=search&ref_no=434,"6,000",14
粗い画像や手書きのイラストをトレースします,https://coconala.com/services/1521174?ref_kind=search&ref_no=435,"1,000",390
高品質！早い！ナレーション、アナウンス、声優します,https://coconala.com/services/288711?ref_kind=search&ref_no=436,"1,500",85
サーバー費用がかからないLINEbotつくります,https://coconala.com/services/2092630?ref_kind=search&ref_no=437,"3,000",1
上質な毛筆ロゴをプロのデザイン書家が作成します,https://coconala.com/services/20476?ref_kind=search&ref_no=438,"5,000",532
ご好評★チラシ作成いたします,https://coconala.com/services/1865066?ref_kind=search&ref_no=439,"5,000",34
アメブロのブログランキングアップさせます,https://coconala.com/services/1093474?ref_kind=search&ref_no=440,"5,000",149
女性デザイナーが柔らか、今っぽいロゴ提案します,https://coconala.com/services/752333?ref_kind=search&ref_no=441,"7,000",59
書籍・ブログ等に！ご希望の挿絵お描き致します,https://coconala.com/services/1700853?ref_kind=search&ref_no=442,"2,000",7
YouTubeなどのタイトルロゴを作成します,https://coconala.com/services/1868872?ref_kind=search&ref_no=443,"10,000",21
グッズ、表紙、挿絵、WEB等のイラストお届けします,https://coconala.com/services/1828396?ref_kind=search&ref_no=444,"10,000",10
プロが画像1枚から動画を制作します,https://coconala.com/services/1553775?ref_kind=search&ref_no=445,"10,000",16
女性クリエイターが素敵なショート動画を制作します,https://coconala.com/services/2072447?ref_kind=search&ref_no=446,"5,000",5
広告マンガを制作します,https://coconala.com/services/347829?ref_kind=search&ref_no=447,"30,000",9
ペライチでオシャレなランディングペ－ジ安く作ります,https://coconala.com/services/1512057?ref_kind=search&ref_no=448,"10,000",52
プロ仕様！高品質なLINEスタンプ作成します,https://coconala.com/services/183805?ref_kind=search&ref_no=449,"10,000",196
メディアから注目されるプレスリリース、書きます,https://coconala.com/services/20810?ref_kind=search&ref_no=450,"10,000",79
ストレングスファインダーを用いたコーチングをします,https://coconala.com/services/1713538?ref_kind=search&ref_no=451,"10,000/90分",37
あなたのサイトをMozのDA50以上にします,https://coconala.com/services/1601661?ref_kind=search&ref_no=452,"10,000",57
女性向け記事【1000文字 x 5記事】作成します,https://coconala.com/services/1885662?ref_kind=search&ref_no=453,"10,000",8
アナログ水彩でかわいくリアルな植物イラスト描きます,https://coconala.com/services/1708193?ref_kind=search&ref_no=454,"6,500",1
日本語サイト被リンクを送ることでブログを強化します,https://coconala.com/services/1860605?ref_kind=search&ref_no=455,"10,000",3
Wixホームページ（hp）のスポット修正を承ります,https://coconala.com/services/1681178?ref_kind=search&ref_no=456,"3,000",10
分かりやすいミニマルデザインの地図を作成します,https://coconala.com/services/1640665?ref_kind=search&ref_no=457,"3,000",14
ハガキサイズのDM・チラシ作ります,https://coconala.com/services/352061?ref_kind=search&ref_no=458,"8,000",226
あなたの売上&成果UP！ペライチでLP作ります,https://coconala.com/services/1674166?ref_kind=search&ref_no=459,"10,000",7
WIXを使ったホームページ制作をご紹介致します,https://coconala.com/services/2024162?ref_kind=search&ref_no=460,"30,000",1
AWSにてWordPressサーバを構築します,https://coconala.com/services/1929662?ref_kind=search&ref_no=461,"10,000",2
納得のいくロゴ作成いたします,https://coconala.com/services/1730585?ref_kind=search&ref_no=462,"10,000",3
検索上位の独自ドメインから被リンクを送ります,https://coconala.com/services/1655808?ref_kind=search&ref_no=463,"10,000",9
BASEの商品とInstagramを連携します,https://coconala.com/services/1797448?ref_kind=search&ref_no=464,"10,000",2
ホームページの「困った」をズバリ解決します,https://coconala.com/services/1102751?ref_kind=search&ref_no=465,"2,000",1
ネーミング・キャッチコピー【5案】提案します,https://coconala.com/services/175641?ref_kind=search&ref_no=466,"8,000",113
コーディング作業を代行いたします,https://coconala.com/services/1252792?ref_kind=search&ref_no=467,"6,500",20
イラスト/立絵 等 承ります,https://coconala.com/services/563133?ref_kind=search&ref_no=468,"3,000",7
ブログのコンサル【オンラインMTG版】を行ないます,https://coconala.com/services/1373978?ref_kind=search&ref_no=469,"10,000",25
女性に人気！シンプルで好印象な似顔絵描きます,https://coconala.com/services/850100?ref_kind=search&ref_no=470,"1,500",99
EBAY輸出セラーリサーチの具体的実践手順教えます,https://coconala.com/services/1478305?ref_kind=search&ref_no=471,"3,000",26
ネーミングorキャッチコピー【10案】提案します,https://coconala.com/services/149092?ref_kind=search&ref_no=472,"12,000",440
インスタグラムの日本人いいね増えるまで拡散します,https://coconala.com/services/1361063?ref_kind=search&ref_no=473,"1,000",283
ニュアンスのあるシンプルな似顔絵アイコン制作します,https://coconala.com/services/2035991?ref_kind=search&ref_no=474,"3,000",5
韓国語：翻訳・添削・解説・検索 なんでもします,https://coconala.com/services/563?ref_kind=search&ref_no=475,"1,000",1968
ゆるっとほんわか！4コマ漫画描きます,https://coconala.com/services/1428548?ref_kind=search&ref_no=476,"4,000",21
超強力SEO40000XRUMERリンク作成します,https://coconala.com/services/567721?ref_kind=search&ref_no=477,"3,000",240
LINEリッチメニュー・メッセージ作成いたします,https://coconala.com/services/1416992?ref_kind=search&ref_no=478,"3,000",21
Dockerの開発環境構築を画面共有でサポートます,https://coconala.com/services/1881904?ref_kind=search&ref_no=479,"1,500/30分",12
かわいいロゴデザイン！単色ミニマルで仕上げます,https://coconala.com/services/1940251?ref_kind=search&ref_no=480,"9,000",17
ココナラ特別価格！【ロゴ制作】します,https://coconala.com/services/1138255?ref_kind=search&ref_no=481,"9,000",52
読者を行動させる文章や記事を作成、執筆します,https://coconala.com/services/1314345?ref_kind=search&ref_no=482,"3,000",8
TV業界現役デザイナーがあなたのロゴを作ります,https://coconala.com/services/1906636?ref_kind=search&ref_no=483,"9,000",2
ブログ記事を作成します,https://coconala.com/services/2128469?ref_kind=search&ref_no=484,"5,000",1
日本語⇔中国語（簡体字/繁体字）に翻訳します,https://coconala.com/services/777543?ref_kind=search&ref_no=485,"1,000",174
当日&深夜可！開店割引中★ナレーション提供します,https://coconala.com/services/1527207?ref_kind=search&ref_no=486,"1,000",99
実績多数！魅力伝わるナレーション、CV承ります,https://coconala.com/services/1488222?ref_kind=search&ref_no=487,"5,000",46
個人SNS限定/インスタTiktokコンサルします,https://coconala.com/services/1208906?ref_kind=search&ref_no=488,400/分,22
プロだから高いクオリティーのデザインが提供できます,https://coconala.com/services/30632?ref_kind=search&ref_no=489,"2,000",3110
美容系など♪かわいい・シンプルなイラスト作成します,https://coconala.com/services/1301407?ref_kind=search&ref_no=490,"4,000",59
商用可◆シンプルおしゃれな似顔絵アイコン制作します,https://coconala.com/services/1946880?ref_kind=search&ref_no=491,"4,000",23
ちびキャラの版権・オリジナルイラスト作成承ります,https://coconala.com/services/1193175?ref_kind=search&ref_no=492,"4,000",162
CSS・JS・PHPコーディング代行します,https://coconala.com/services/1860563?ref_kind=search&ref_no=493,"10,000",4
短納期・修正無料！魅力が伝わるチラシを作成します,https://coconala.com/services/2071561?ref_kind=search&ref_no=494,"8,000",2
商用可◆シンプルでおしゃれなイラスト制作します,https://coconala.com/services/1946867?ref_kind=search&ref_no=495,"5,000",7
スマホ対応無料　ランディングページ（LP)作ります,https://coconala.com/services/1637797?ref_kind=search&ref_no=496,"10,000",5
開演前のお願い 結婚式ムービーを制作いたします,https://coconala.com/services/1016463?ref_kind=search&ref_no=497,"8,000",28
現役プロのデザイナーが柄をデザインします,https://coconala.com/services/1798635?ref_kind=search&ref_no=498,"8,000",5
"先着1名様限定！！8,000円で承ります",https://coconala.com/services/1735243?ref_kind=search&ref_no=499,"8,000",2
地図専門イラストレーター■案内図を丁寧に作成します,https://coconala.com/services/1319797?ref_kind=search&ref_no=500,"8,000",9
年間150万PV超のサイトに記事等を掲載します,https://coconala.com/services/1360785?ref_kind=search&ref_no=501,"8,000",1
お望みのキャラクターとグラフィティを作成します,https://coconala.com/services/2072516?ref_kind=search&ref_no=502,"2,000",1
ランキング1位獲得済！アフェリ用クレカ記事書きます,https://coconala.com/services/1553661?ref_kind=search&ref_no=503,"2,500",3
サイズに制限なし★本格的Web関連画像を制作します,https://coconala.com/services/47866?ref_kind=search&ref_no=504,"2,500",817
プロのデザイナーがあなたのデザインを添削いたします,https://coconala.com/services/1552918?ref_kind=search&ref_no=505,"3,000",49
ほんわかゆるめだけどどこかリアルなイラスト描きます,https://coconala.com/services/151027?ref_kind=search&ref_no=506,"4,000",21
販促・広告漫画(1P辺り4〜10コマ)描きます,https://coconala.com/services/1057683?ref_kind=search&ref_no=507,"6,000",19
イラストやロゴをトレースします,https://coconala.com/services/2103881?ref_kind=search&ref_no=508,"2,000",1
選ぶだけでOK！かわいいロゴ・お得に作れます,https://coconala.com/services/771811?ref_kind=search&ref_no=509,"7,500",78
オリジナリティのあるロゴ制作します,https://coconala.com/services/948402?ref_kind=search&ref_no=510,"6,000",28
"１枚あたり¥1,000～！雑貨店で撮影代行します",https://coconala.com/services/1717340?ref_kind=search&ref_no=511,"3,000",16
読者数2700名のメルマガに号外広告をお出しします,https://coconala.com/services/1549096?ref_kind=search&ref_no=512,"7,500",26
丁寧、且つ迅速に タイ語⇔日本語の翻訳をいたします,https://coconala.com/services/1308405?ref_kind=search&ref_no=513,"1,000",43
不動産広告などで使える間取りを作成します,https://coconala.com/services/1672619?ref_kind=search&ref_no=514,"2,000",89
リスト作成します,https://coconala.com/services/1707448?ref_kind=search&ref_no=515,"2,000",40
低価格で高クオリティなWEB画像を作成します,https://coconala.com/services/1998975?ref_kind=search&ref_no=516,"2,000",29
分かりやすく見やすい地図を作成します,https://coconala.com/services/592044?ref_kind=search&ref_no=517,"2,000",573
広告動画やアニメーション動画を格安で制作します,https://coconala.com/services/2079322?ref_kind=search&ref_no=518,"10,000",2
Webデザイン、コーディング教えます,https://coconala.com/services/1355075?ref_kind=search&ref_no=519,"3,500/60分",155
修正無料！低価格で高品質な画像を作成をいたします,https://coconala.com/services/1394825?ref_kind=search&ref_no=520,"1,500",54
手書きのロゴ→清書してデータ化します,https://coconala.com/services/365287?ref_kind=search&ref_no=521,"4,000",43
youtube/SNS拡散ツール販売します,https://coconala.com/services/1436474?ref_kind=search&ref_no=522,"3,500",9
伝わる、チラシ・リーフレットを作成します,https://coconala.com/services/1753846?ref_kind=search&ref_no=523,"7,000",91
萌え可愛い♡イラスト全般描きます,https://coconala.com/services/1700926?ref_kind=search&ref_no=524,"3,000",87
多頭飼いさまもぜひ☆可愛いペットの似顔絵作成します,https://coconala.com/services/516865?ref_kind=search&ref_no=525,"3,500",143
水彩でファッション画タッチの似顔絵を制作いたします,https://coconala.com/services/1119004?ref_kind=search&ref_no=526,"6,000",19
可愛い、綺麗で目を引くイラストを提供します,https://coconala.com/services/2076098?ref_kind=search&ref_no=527,"4,000",3
あらゆるExcel作業の代行/自動化請け負います,https://coconala.com/services/2016713?ref_kind=search&ref_no=528,"4,000",6
SEO対策済◎高品質でオシャレなブログを制作します,https://coconala.com/services/1742328?ref_kind=search&ref_no=529,"8,500",8
インスタ【日本人フォロー】保証有100〜増やします,https://coconala.com/services/1641175?ref_kind=search&ref_no=530,"4,500",62
可愛い動物、女の子のイラスト作成します,https://coconala.com/services/1802450?ref_kind=search&ref_no=531,"3,500",3
EXCELでリスト作成します,https://coconala.com/services/1291196?ref_kind=search&ref_no=532,"1,000",6
iOSアプリ開発のプログラミング相談のります,https://coconala.com/services/1738886?ref_kind=search&ref_no=533,"5,000",2
Brain・noteのサムネイル作成します,https://coconala.com/services/1834749?ref_kind=search&ref_no=534,"2,000",98
何度も修正OK‼️住所だけで簡単な地図作成します,https://coconala.com/services/420345?ref_kind=search&ref_no=535,"3,000",545
分析したクリックされるバナー・ヘッダー制作します,https://coconala.com/services/1768328?ref_kind=search&ref_no=536,"2,000",29
ノイズ編集込でクリア♬目的に合わせ明るい声届けます,https://coconala.com/services/1552117?ref_kind=search&ref_no=537,"1,500",19
インテリア相談＆家具配置図作成します,https://coconala.com/services/1108735?ref_kind=search&ref_no=538,"6,500",67
可愛いちびキャライラスト描きます,https://coconala.com/services/91733?ref_kind=search&ref_no=539,"4,000",110
検索上位表示を狙えるキーワードを50個選定します,https://coconala.com/services/1495445?ref_kind=search&ref_no=540,"6,500",25
ワードプレス、聞き倒し、質問攻め、お答えします,https://coconala.com/services/162622?ref_kind=search&ref_no=541,160/分,65
格安★にてweb画像作成します,https://coconala.com/services/1960034?ref_kind=search&ref_no=542,"1,000",29
Youtubeの再生回数2000回増まで拡散します,https://coconala.com/services/1361045?ref_kind=search&ref_no=543,"1,500",74
トレースして、なんでもデータ化します,https://coconala.com/services/946344?ref_kind=search&ref_no=544,"1,000",60
アイデアをビジュアル化する合成写真を作ります,https://coconala.com/services/1491294?ref_kind=search&ref_no=545,"1,000",60
手描きで癒される᯽絵本みたいな似顔絵᯽描きます,https://coconala.com/services/1601955?ref_kind=search&ref_no=546,"1,500",29
約15日あなたのウェブサイトに本当の人を集客します,https://coconala.com/services/562276?ref_kind=search&ref_no=547,"3,000",999
高速強力！GOOGLE1ページの表示を目指します,https://coconala.com/services/567930?ref_kind=search&ref_no=548,"3,000",420
チラシポスター・SNS投稿画像セットで作ります,https://coconala.com/services/1370364?ref_kind=search&ref_no=549,"4,000",62
挿絵やイメージイラストとして使えるイラスト描きます,https://coconala.com/services/985407?ref_kind=search&ref_no=550,"3,000",58
即効性！グーグルでより高いランキングを目指します,https://coconala.com/services/561326?ref_kind=search&ref_no=551,"3,000",54
SEO対策やキーワードリサーチ等できます,https://coconala.com/services/1888470?ref_kind=search&ref_no=552,"3,000",14
温かみのあるチラシ・フライヤー制作します,https://coconala.com/services/794356?ref_kind=search&ref_no=553,"10,000",76
最強の英語術》最速で習得できる究極メソッド教えます,https://coconala.com/services/1030223?ref_kind=search&ref_no=554,"3,000",103
法律関係のレポート、判例評釈などを作成します,https://coconala.com/services/2051718?ref_kind=search&ref_no=555,"2,000",24
Youtube再生回数を+5000拡散します,https://coconala.com/services/1140550?ref_kind=search&ref_no=556,"6,000",357
商用利用OK/アメコミ風なキャラクター描きます,https://coconala.com/services/1835243?ref_kind=search&ref_no=557,"3,500",3
洗練されたオールインワンSEOで被リンク強化します,https://coconala.com/services/1645620?ref_kind=search&ref_no=558,"4,000",45
顔の修正や加工、写真の合成や切り抜き等ことできます,https://coconala.com/services/241384?ref_kind=search&ref_no=559,"3,000",22
シーンや用途に合わせて！オリジナルBGM制作します,https://coconala.com/services/426737?ref_kind=search&ref_no=560,"6,000",48
編集者歴15年のプロの目で、校閲・校正します,https://coconala.com/services/364138?ref_kind=search&ref_no=561,"1,000",87
自然な演技や聞き取りやすいナレーションを提供します,https://coconala.com/services/2069207?ref_kind=search&ref_no=562,"3,000",1
長文でもリーズナブル価格で日英翻訳を提供します,https://coconala.com/services/426026?ref_kind=search&ref_no=563,"2,000",180
オリジナルの文章・記事を作成します,https://coconala.com/services/21836?ref_kind=search&ref_no=564,"2,000",164
クールでインパクトのあるイントロ動画を作成します,https://coconala.com/services/763068?ref_kind=search&ref_no=565,"6,000",58
商用OK！手書き風イラスト作成します,https://coconala.com/services/2091956?ref_kind=search&ref_no=566,"3,000",1
私達は専門のロゴを提供するます,https://coconala.com/services/355728?ref_kind=search&ref_no=567,"6,000",109
ウェブサイトでお困りの方の相談に乗ります,https://coconala.com/services/1132910?ref_kind=search&ref_no=568,"2,500",11
作業代行請け負います,https://coconala.com/services/1887180?ref_kind=search&ref_no=569,500,350
英語の訂正・校正・添削《ネイティブによる》ます,https://coconala.com/services/182471?ref_kind=search&ref_no=570,"1,000",1596
商用使用可！伝わる使いやすい挿絵イラストを描きます,https://coconala.com/services/1722477?ref_kind=search&ref_no=571,"4,000",23
商用OK！シンプルにまとまるイラスト作成します,https://coconala.com/services/1933366?ref_kind=search&ref_no=572,"3,500",8
商用可！ご一緒に印象に残るロゴ作成を目指します,https://coconala.com/services/1851821?ref_kind=search&ref_no=573,"4,000",8
1文字1円！　英検1級ホルダーが格安で翻訳承ります,https://coconala.com/services/1011000?ref_kind=search&ref_no=574,"1,000",5
売れる電子書籍(Kindle)の表紙制作します,https://coconala.com/services/770527?ref_kind=search&ref_no=575,"5,000",471
シンプルで可愛い名刺やショップカード作ります,https://coconala.com/services/1739112?ref_kind=search&ref_no=576,"4,000",12
SEO記事を執筆します,https://coconala.com/services/1615034?ref_kind=search&ref_no=577,"3,000",8
ココナラ実績200以上！SEO＆品質重視で書きます,https://coconala.com/services/302014?ref_kind=search&ref_no=578,"2,500",223
お洒落で可愛い♡ニュアンス線画をお描きします,https://coconala.com/services/2132415?ref_kind=search&ref_no=579,"2,000",1
女性も男性もイメージに沿ったイラストを提供致します,https://coconala.com/services/1631993?ref_kind=search&ref_no=580,"2,500",80
名刺・カードつくります,https://coconala.com/services/2020445?ref_kind=search&ref_no=581,"2,000",4
耳鼻科専門医試験に合格するための講義を提供します,https://coconala.com/services/2036160?ref_kind=search&ref_no=582,"2,500",10
ロゴデザインします,https://coconala.com/services/1952371?ref_kind=search&ref_no=583,"4,000",6
オリジナルのアイコンを制作します,https://coconala.com/services/1305066?ref_kind=search&ref_no=584,"3,000",18
SEO対策 Googleマップ サイテーションます,https://coconala.com/services/102779?ref_kind=search&ref_no=585,"3,000",65
"ホームページ【改善】更新3,000円〜対応します",https://coconala.com/services/1997967?ref_kind=search&ref_no=586,"3,000",16
印象的なシンプル、ポップな名刺をデザインします,https://coconala.com/services/1321625?ref_kind=search&ref_no=587,"5,000",73
ターゲットの目を惹くバナー・ヘッダー作成します,https://coconala.com/services/1507292?ref_kind=search&ref_no=588,"5,000",5
Wordpressの運営・SEOアドバイスします,https://coconala.com/services/754267?ref_kind=search&ref_no=589,"5,000",30
商用可◎ゆるかわイラスト・アイコン制作します,https://coconala.com/services/594346?ref_kind=search&ref_no=590,"2,500",327
日↔韓 ビジネス向けの翻訳承ります,https://coconala.com/services/358291?ref_kind=search&ref_no=591,"1,000",188
競合と差をつける！！LINE公式リッチメニューます,https://coconala.com/services/2011510?ref_kind=search&ref_no=592,"5,000",8
即日対応可能！アメコミ似顔絵アイコン描きます,https://coconala.com/services/1976831?ref_kind=search&ref_no=593,"5,000",9
好印象な名刺・ショップカード等デザインします,https://coconala.com/services/1787602?ref_kind=search&ref_no=594,"4,500",32
高品質！商品のモックアップ画像を制作します,https://coconala.com/services/2006093?ref_kind=search&ref_no=595,"8,000",1
次世代広告！人気ブログに記事掲載で無期限宣伝します,https://coconala.com/services/1108535?ref_kind=search&ref_no=596,"5,000",62
SEO対策！半年間サイトにトラフィック起こします,https://coconala.com/services/1070708?ref_kind=search&ref_no=597,"5,000",99
バナー＆ヘッダー格安で作成します,https://coconala.com/services/1284552?ref_kind=search&ref_no=598,"1,500",150
レトロで個性的なイラスト描きます,https://coconala.com/services/2061157?ref_kind=search&ref_no=599,"5,000",4
文章を校正・推敲・ブラッシュアップします,https://coconala.com/services/190255?ref_kind=search&ref_no=600,"3,000",351
