Excel・GASのお困りごと解決！します,"2,000",5
Webスクレイピングを行います,"3,000",12
Pythonでスクレイピング ツールを作成します,"4,500",9
小さいプログラムを書きます,"3,000",19
RPA（UiPath）でパソコン作業を自動化します,"2,000",170
ツイート画像投稿wordpressテーマ作ります,"30,000",4
"Webページ内容をCSV,Excelデータにします","3,500",22
検索1位へ♪amazon 楽天 SEO設定教えます,"20,000",15
プロのコンサルが本気でSEO内部改善の提案します,"30,000",2
スプレッドシート・GASの自動化ツール作成します,"5,000",13
エクセルにてブラウザ操作自動化ツールを作成します,"5,000",9
集客特化型★キーワードSEO対策で売上アップします,"6,000",101
無料RPAツールによる自動化ツール作成代行します,"6,000",4
あらゆるExcel作業を自動化ます,"3,500",3
業務を効率化するWebサービスを作成します,"10,000",2
MT4自動売買用EA作成代行します,"8,000",7
業務効率化（スクレイピングなど）をお助けします,"7,000",1
サイトからデータ抽出（スクレイピング）を行います,"6,000",4
ココナラのスクレイピング＆検索ツールを提供します,"5,500",2
恋愛系記事1万文字1.5万で書きます,"15,000",14
GASでWebアプリ、システム作成します,"18,000",19
小規模なPythonプログラム作成します,"2,000",3
VBA(マクロ)で欲しいものを作れるようにします,"5,000",1
webスクレイピングソフトの使い方を教えます,"10,000/60分",3
RSS全文取得放置系アンテナサイトツール売ります,"10,000",23
住所一覧から郵便番号一覧を作成します,"3,000",2
Webページの内容csvに変換します,"4,000",6
ワードプレス用高機能スクレイピングツール売ります,"10,000",1
webサイトの情報を抽出(スクレイピング)します,"15,000",0
Webスクレイピングのアプリを作成します,"2,000",0
Excelでのお困りごと、お力になれます,"2,000",0
Pythonを使用したソフトウェア開発お請けします,"1,000,000",0
Excelにてブラウザ操作自動化ツールを作成します,"2,000",0
格安でWebスクレイピングします,"2,000",0
Pythonを用いたWebスクレイピングができます,"5,000",0
Web関連オーダーメイドシステム、ツール等作ります,"200,000",13
デスクトップアプリ開発します,"15,000",0
PRTIMESスクレイピングで企業リスト作成します,"5,000",0
GoogleAppsScriptで業務効率化します,"12,000",0
EXCEL・マクロ・VBAで自動化のお手伝いします,"2,000",0
自動化ツール開発します,"100,000",11
あなたのページを６位以内に導くＳＥＯ対策致します,"300,000",51
Pythonで自動化、機械学習、データ解析します,"5,000",0
Webスクレイピングします,"2,000",0
GASによる自動化ツール開発します,"9,000",0
VBAでExcel業務効率化のお手伝いをします,"3,000",0
webサイトのスクレイピングツールを作成します,"2,000",7
Python スクレイピングツール作成します,"3,000",0
指定ユーザーのTweetをテキストで取得します,"2,000",0
副業向け、キーワードから楽天市場の商品を検索します,"10,000",1
スクレイピングツールを作ります,"5,000",0
オリジナルLINEBot作ります,"4,000",0
WEBデータ自動収集等、煩雑な作業全て自動化します,"2,000",0
Pythonのスクレイピングによりデータ収集します,"3,000",0
地名＋業種名で、あなたのページを１ページに導きます,"200,000",175
SEOのプロが選ぶ中古ドメインを厳選して紹介します,"3,000",54
webサイトの情報をpythonで瞬間取得します,"8,000",0
格安　Webデータ収集→入力作業をお受けします,"5,000",0
プロがデータ分析/人口知能(AI)について教えます,"3,000",0
スクレイピングツールを作成して効率化に貢献します,"30,000",0
レスポンシブ多機能ウェブサイト作成します,"70,000",0
格安！スクレイピングいたします,"2,500",0
完全自動の高機能動画まとめ作成ツール売ります,"3,000",24
コード開示！Excel VBA・マクロ開発承ります,"5,000",42
Keepaセラー出品情報を抽出するツール開発します,"10,000",2
Pythonでスクレイピングのプログラム作成します,"5,000",3
スクレイピングのプログラムを作り直します,"5,000",1
Webページなどの内容からデータにします,"2,000",26
初心者でも簡単！説明書付けます,"10,000",0
休止中：VBA か Pythonで何か作ります,"1,000",1
,"2,000",25
